POS,avgMutateX
1,NA
2,NA
3,NA
4,NA
5,NA
6,NA
7,NA
8,NA
9,NA
10,NA
11,NA
12,NA
13,NA
14,NA
15,NA
16,NA
17,NA
18,NA
19,NA
20,NA
21,NA
22,NA
23,NA
24,NA
25,NA
26,NA
27,NA
28,NA
29,NA
30,NA
31,NA
32,NA
33,NA
34,NA
35,NA
36,NA
37,NA
38,NA
39,NA
40,NA
41,NA
42,NA
43,NA
44,NA
45,NA
46,NA
47,NA
48,NA
49,NA
50,NA
51,NA
52,NA
53,NA
54,NA
55,NA
56,NA
57,NA
58,NA
59,NA
60,NA
61,NA
62,NA
63,NA
64,NA
65,NA
66,0.710027
67,2.4218805
68,0.9457745
69,5.849457
70,0.2301375
71,4.5083755
72,1.214688
73,1.276821
74,3.1819105
75,-0.251463
76,3.98537
77,0.168586
78,-0.083687
79,1.9859565
80,0.5038205
81,1.038891
82,0.849422
83,9.2868775
84,0.0608845
85,0.035771
86,3.1423285
87,-0.194449
88,1.608264
89,3.9152815
90,2.2761375
91,0.749025
92,5.1181865
93,2.5697205
94,0.369157
95,-0.1006305
96,1.2158735
97,0.791194
98,4.0097085
99,0.490658
100,4.6426465
101,-0.0834005
102,2.1638065
103,3.5568005
104,9.133165
105,0.3084165
106,1.0793685
107,0.1241095
108,5.549144
109,-0.3199005
110,2.2336595
111,0.5264435
112,0.9181095
113,0.178576
114,0.3847335
115,1.4805485
116,0.931967
117,4.5334615
118,1.8449795
119,4.6647805
120,0.1303905
121,-0.040516
122,-0.547475
123,1.648672
124,2.687245
125,-0.0355515
126,0.705835
127,3.8589755
128,-0.2123995
129,0.1178285
130,1.376782
131,0.2358525
132,0.273011
133,0.409069
134,5.0967135
135,-0.101188
136,-0.5060095
137,1.555426
138,4.09367
139,-1.049013
140,0.663713
141,6.5400715
142,0.853272
143,2.0153035
144,0.987265
145,0.8151705
146,0.295792
147,1.417433
148,4.420547
149,4.8757785
150,4.4236505
151,11.4515255
152,1.366932
153,0.020701
154,4.621196
155,-0.4127325
156,4.383421
157,-0.1851605
158,0.173316
159,0.0513395
160,2.189657
161,2.5481
162,1.050089
163,4.703908
164,0.3312075
165,4.8213935
166,0.918123
167,3.2904845
168,2.842897
169,0.4929535
170,-0.3702215
171,0.103675
172,0.0082365
173,1.0035045
174,0.352453
175,0.9325885
176,0.581858
177,0.689912
178,-0.1641735
179,0.6581535
180,-0.1764965
181,-0.102654
182,0.7791755
183,-0.044869
184,0.5842805